id,width_init,height_init,scale,width_res,height_res,throughput,mode,interpolation,time_ms,mse,psnr,ssim,total_images,used_ai,model_name
25c37665-04bc-4db1-8094-ebfb87801e80,512,512,2,1024,1024,18656674.46,one_way,Nearest Neighbor,56.2038,4.791231791,41.32633179,0.990569497,10,False,-
25c37665-04bc-4db1-8094-ebfb87801e80,512,512,2,1024,1024,24937298.6,one_way,Nearest Neighbor,42.0485,7.159909566,39.58172824,0.976364081,10,False,-
25c37665-04bc-4db1-8094-ebfb87801e80,512,512,2,1024,1024,19865413.76,one_way,Nearest Neighbor,52.784,10.00830841,38.12719681,0.966403872,10,False,-
25c37665-04bc-4db1-8094-ebfb87801e80,500,480,2,1000,960,21398670.61,one_way,Nearest Neighbor,44.8626,66.08494167,29.9297785,0.959520618,10,False,-
25c37665-04bc-4db1-8094-ebfb87801e80,288,288,2,576,576,19039136.92,one_way,Nearest Neighbor,17.426,2.471261735,44.20161616,0.996396589,10,False,-
25c37665-04bc-4db1-8094-ebfb87801e80,256,256,2,512,512,16655907.69,one_way,Nearest Neighbor,15.7388,21.209493,34.86550074,0.989254586,10,False,-
25c37665-04bc-4db1-8094-ebfb87801e80,256,256,2,512,512,17654815.7,one_way,Nearest Neighbor,14.8483,43.81483968,31.71459134,0.982748884,10,False,-
25c37665-04bc-4db1-8094-ebfb87801e80,128,128,2,256,256,13782254.84,one_way,Nearest Neighbor,4.7551,6.454813639,40.03196653,0.991867842,10,False,-
25c37665-04bc-4db1-8094-ebfb87801e80,1024,1024,2,2048,2048,18905916.3,one_way,Nearest Neighbor,221.8514,58.90184498,30.42951462,0.97800352,10,False,-
25c37665-04bc-4db1-8094-ebfb87801e80,1024,1024,2,2048,2048,22417025.87,one_way,Nearest Neighbor,187.1035,10.81580989,37.79021316,0.991347544,10,False,-
e79d8718-4a6f-47eb-9e4d-028d9430767c,512,512,2,1024,1024,20234615.76,one_way,Bilinear,51.8209,3.106753031,43.2077363,0.993578986,10,False,-
e79d8718-4a6f-47eb-9e4d-028d9430767c,512,512,2,1024,1024,20283778.22,one_way,Bilinear,51.6953,3.729143778,42.41471233,0.984425752,10,False,-
e79d8718-4a6f-47eb-9e4d-028d9430767c,512,512,2,1024,1024,20124441.99,one_way,Bilinear,52.1046,5.18225352,40.98561706,0.978848668,10,False,-
e79d8718-4a6f-47eb-9e4d-028d9430767c,500,480,2,1000,960,19916888.48,one_way,Bilinear,48.2003,34.25610833,32.78342337,0.968454746,10,False,-
e79d8718-4a6f-47eb-9e4d-028d9430767c,288,288,2,576,576,18818831.54,one_way,Bilinear,17.63,1.612280575,46.05639739,0.997125696,10,False,-
e79d8718-4a6f-47eb-9e4d-028d9430767c,256,256,2,512,512,16236049,one_way,Bilinear,16.1458,12.46870422,37.17259038,0.992538859,10,False,-
e79d8718-4a6f-47eb-9e4d-028d9430767c,256,256,2,512,512,17264375.23,one_way,Bilinear,15.1841,26.92367045,33.82946095,0.985803597,10,False,-
e79d8718-4a6f-47eb-9e4d-028d9430767c,128,128,2,256,256,13788054.11,one_way,Bilinear,4.7531,3.765034993,42.37311344,0.99414958,10,False,-
e79d8718-4a6f-47eb-9e4d-028d9430767c,1024,1024,2,2048,2048,18525455.86,one_way,Bilinear,226.4076,39.42166297,32.1734542,0.980339479,10,False,-
e79d8718-4a6f-47eb-9e4d-028d9430767c,1024,1024,2,2048,2048,23210304.76,one_way,Bilinear,180.7087,6.1086092,40.27138019,0.993921711,10,False,-
4261c701-2b3a-4db0-aa19-945e34e5e0dc,512,512,2,1024,1024,20092474.25,one_way,Bicubic,52.1875,0.213750203,54.83173824,0.999708741,10,False,-
4261c701-2b3a-4db0-aa19-945e34e5e0dc,512,512,2,1024,1024,19333579.17,one_way,Bicubic,54.236,0.127490997,57.07600842,0.999576801,10,False,-
4261c701-2b3a-4db0-aa19-945e34e5e0dc,512,512,2,1024,1024,19413831.79,one_way,Bicubic,54.0118,0.311112722,53.20162591,0.999216839,10,False,-
4261c701-2b3a-4db0-aa19-945e34e5e0dc,500,480,2,1000,960,18459798.98,one_way,Bicubic,52.0049,0.679670833,49.80781727,0.999453313,10,False,-
4261c701-2b3a-4db0-aa19-945e34e5e0dc,288,288,2,576,576,17722887.58,one_way,Bicubic,18.7202,0.106658308,57.85085673,0.999769036,10,False,-
4261c701-2b3a-4db0-aa19-945e34e5e0dc,256,256,2,512,512,15678281.36,one_way,Bicubic,16.7202,0.421849569,51.87922751,0.999700147,10,False,-
4261c701-2b3a-4db0-aa19-945e34e5e0dc,256,256,2,512,512,16155201.95,one_way,Bicubic,16.2266,0.871459961,48.72832923,0.999472511,10,False,-
4261c701-2b3a-4db0-aa19-945e34e5e0dc,128,128,2,256,256,12661025.46,one_way,Bicubic,5.1762,0.145589193,56.49951223,0.999720475,10,False,-
4261c701-2b3a-4db0-aa19-945e34e5e0dc,1024,1024,2,2048,2048,17331190.16,one_way,Bicubic,242.009,0.655815442,49.96298722,0.999584484,10,False,-
4261c701-2b3a-4db0-aa19-945e34e5e0dc,1024,1024,2,2048,2048,22410534,one_way,Bicubic,187.1577,0.244252205,54.25241868,0.999735334,10,False,-
ee1bad69-bbcf-4372-9c12-281a16711106,512,512,2,1024,1024,18892308.14,one_way,Lanczos,55.5028,0.155626933,56.20995603,0.99976724,10,False,-
ee1bad69-bbcf-4372-9c12-281a16711106,512,512,2,1024,1024,17962358.01,one_way,Lanczos,58.3763,0.087554932,58.70799748,0.999692022,10,False,-
ee1bad69-bbcf-4372-9c12-281a16711106,512,512,2,1024,1024,18014943.5,one_way,Lanczos,58.2059,0.200080872,55.1187479,0.999590978,10,False,-
ee1bad69-bbcf-4372-9c12-281a16711106,500,480,2,1000,960,17739440.87,one_way,Lanczos,54.1167,0.538331944,50.82030209,0.999604997,10,False,-
ee1bad69-bbcf-4372-9c12-281a16711106,288,288,2,576,576,16855710.17,one_way,Lanczos,19.6833,0.059811439,60.36296109,0.9998573,10,False,-
ee1bad69-bbcf-4372-9c12-281a16711106,256,256,2,512,512,14669912.42,one_way,Lanczos,17.8695,0.304890951,53.28935827,0.999761243,10,False,-
ee1bad69-bbcf-4372-9c12-281a16711106,256,256,2,512,512,15305623.19,one_way,Lanczos,17.1273,0.644353231,50.0395635,0.999563135,10,False,-
ee1bad69-bbcf-4372-9c12-281a16711106,128,128,2,256,256,10874276.14,one_way,Lanczos,6.0267,0.104939779,57.92140217,0.999802902,10,False,-
ee1bad69-bbcf-4372-9c12-281a16711106,1024,1024,2,2048,2048,15988765.22,one_way,Lanczos,262.3282,0.634417852,50.10704966,0.999638908,10,False,-
ee1bad69-bbcf-4372-9c12-281a16711106,1024,1024,2,2048,2048,20256085.2,one_way,Lanczos,207.0639,0.181928635,55.53179301,0.999784291,10,False,-
0c1674f5-53bd-4a29-b730-f32611a08be9,512,512,2,1024,1024,5138831.509,one_way,Super-Resolution,204.0495,1.464677175,46.47338447,0.992252298,10,True,espcn
0c1674f5-53bd-4a29-b730-f32611a08be9,512,512,2,1024,1024,5268617.195,one_way,Super-Resolution,199.023,2.02721405,45.06180753,0.989033648,10,True,espcn
0c1674f5-53bd-4a29-b730-f32611a08be9,512,512,2,1024,1024,5254131.723,one_way,Super-Resolution,199.5717,3.418093363,42.7929644,0.98298546,10,True,espcn
0c1674f5-53bd-4a29-b730-f32611a08be9,500,480,2,1000,960,4775929.316,one_way,Super-Resolution,201.008,12.58695417,37.1315971,0.982502829,10,True,espcn
0c1674f5-53bd-4a29-b730-f32611a08be9,288,288,2,576,576,4413699.155,one_way,Super-Resolution,75.1696,0.795793949,49.12279728,0.996316365,10,True,espcn
0c1674f5-53bd-4a29-b730-f32611a08be9,256,256,2,512,512,4301186.771,one_way,Super-Resolution,60.9469,1.21925354,47.26986336,0.997311157,10,True,espcn
0c1674f5-53bd-4a29-b730-f32611a08be9,256,256,2,512,512,4844300.633,one_way,Super-Resolution,54.1139,1.047317505,47.93001998,0.998873309,10,True,espcn
0c1674f5-53bd-4a29-b730-f32611a08be9,128,128,2,256,256,3826428.138,one_way,Super-Resolution,17.1272,0.852701823,48.82283169,0.996937325,10,True,espcn
0c1674f5-53bd-4a29-b730-f32611a08be9,1024,1024,2,2048,2048,5288394.568,one_way,Super-Resolution,793.1148,1.847276052,45.46548561,0.998520762,10,True,espcn
0c1674f5-53bd-4a29-b730-f32611a08be9,1024,1024,2,2048,2048,5608861.734,one_way,Super-Resolution,747.7995,0.924181938,48.47322884,0.967966345,10,True,espcn
f8821f22-dc9f-4cbe-899e-dd5c92415166,512,512,2,1024,1024,3383373.08,one_way,Super-Resolution,309.9203,3.302195231,42.94277615,0.991184371,10,True,fsrcnn
f8821f22-dc9f-4cbe-899e-dd5c92415166,512,512,2,1024,1024,3472174.944,one_way,Super-Resolution,301.994,1.899079641,45.34537183,0.989117716,10,True,fsrcnn
f8821f22-dc9f-4cbe-899e-dd5c92415166,512,512,2,1024,1024,3418883.454,one_way,Super-Resolution,306.7013,3.972417196,42.14025508,0.983381917,10,True,fsrcnn
f8821f22-dc9f-4cbe-899e-dd5c92415166,500,480,2,1000,960,3053062.221,one_way,Super-Resolution,314.4384,12.453475,37.17789808,0.982614725,10,True,fsrcnn
f8821f22-dc9f-4cbe-899e-dd5c92415166,288,288,2,576,576,2708813.343,one_way,Super-Resolution,122.4802,0.725240323,49.52598418,0.996897329,10,True,fsrcnn
f8821f22-dc9f-4cbe-899e-dd5c92415166,256,256,2,512,512,2866948.246,one_way,Super-Resolution,91.4366,1.0241038,48.02736383,0.997606433,10,True,fsrcnn
f8821f22-dc9f-4cbe-899e-dd5c92415166,256,256,2,512,512,3347370.948,one_way,Super-Resolution,78.3134,0.991795858,48.16658071,0.998898967,10,True,fsrcnn
f8821f22-dc9f-4cbe-899e-dd5c92415166,128,128,2,256,256,2275350.142,one_way,Super-Resolution,28.8026,0.76936849,49.26945966,0.997182223,10,True,fsrcnn
f8821f22-dc9f-4cbe-899e-dd5c92415166,1024,1024,2,2048,2048,3297030.113,one_way,Super-Resolution,1272.1461,1.243544579,47.18419002,0.998893488,10,True,fsrcnn
f8821f22-dc9f-4cbe-899e-dd5c92415166,1024,1024,2,2048,2048,3449606.7,one_way,Super-Resolution,1215.8789,0.652901332,49.98232807,0.998313922,10,True,fsrcnn
286ff637-f0d3-4003-b97c-8181bd427831,512,512,3,1536,1536,33169582.29,one_way,Nearest Neighbor,71.1283,0,100,0.999999991,10,False,-
286ff637-f0d3-4003-b97c-8181bd427831,512,512,3,1536,1536,38050583.67,one_way,Nearest Neighbor,62.0042,0,100,0.999999979,10,False,-
286ff637-f0d3-4003-b97c-8181bd427831,512,512,3,1536,1536,32506995.91,one_way,Nearest Neighbor,72.5781,0,100,0.999999976,10,False,-
286ff637-f0d3-4003-b97c-8181bd427831,500,480,3,1500,1440,34260644.2,one_way,Nearest Neighbor,63.0461,0,100,0.999999993,10,False,-
286ff637-f0d3-4003-b97c-8181bd427831,288,288,3,864,864,31076290.31,one_way,Nearest Neighbor,24.0214,0,100,0.999999984,10,False,-
286ff637-f0d3-4003-b97c-8181bd427831,256,256,3,768,768,27467657.66,one_way,Nearest Neighbor,21.4734,0,100,0.999999992,10,False,-
286ff637-f0d3-4003-b97c-8181bd427831,256,256,3,768,768,28586854.85,one_way,Nearest Neighbor,20.6327,0,100,0.999999994,10,False,-
286ff637-f0d3-4003-b97c-8181bd427831,128,128,3,384,384,23263181.14,one_way,Nearest Neighbor,6.3386,0,100,0.999999982,10,False,-
286ff637-f0d3-4003-b97c-8181bd427831,1024,1024,3,3072,3072,29873269.79,one_way,Nearest Neighbor,315.9073,0,100,0.999999994,10,False,-
286ff637-f0d3-4003-b97c-8181bd427831,1024,1024,3,3072,3072,35886117.32,one_way,Nearest Neighbor,262.9759,0,100,0.999999994,10,False,-
33409a2a-7f1b-43e9-810e-3beb93f1eddf,512,512,3,1536,1536,21868943.69,one_way,Bilinear,107.8834,0,100,0.999999991,10,False,-
33409a2a-7f1b-43e9-810e-3beb93f1eddf,512,512,3,1536,1536,22071133.29,one_way,Bilinear,106.8951,0,100,0.999999979,10,False,-
33409a2a-7f1b-43e9-810e-3beb93f1eddf,512,512,3,1536,1536,20671643.36,one_way,Bilinear,114.132,0,100,0.999999976,10,False,-
33409a2a-7f1b-43e9-810e-3beb93f1eddf,500,480,3,1500,1440,20881428.29,one_way,Bilinear,103.4412,0,100,0.999999993,10,False,-
33409a2a-7f1b-43e9-810e-3beb93f1eddf,288,288,3,864,864,21427390.47,one_way,Bilinear,34.8384,0,100,0.999999984,10,False,-
33409a2a-7f1b-43e9-810e-3beb93f1eddf,256,256,3,768,768,16733497.69,one_way,Bilinear,35.2481,0,100,0.999999992,10,False,-
33409a2a-7f1b-43e9-810e-3beb93f1eddf,256,256,3,768,768,19045503.27,one_way,Bilinear,30.9692,0,100,0.999999994,10,False,-
33409a2a-7f1b-43e9-810e-3beb93f1eddf,128,128,3,384,384,16218213.81,one_way,Bilinear,9.092,0,100,0.999999982,10,False,-
33409a2a-7f1b-43e9-810e-3beb93f1eddf,1024,1024,3,3072,3072,20865989.1,one_way,Bilinear,452.2759,0,100,0.999999994,10,False,-
33409a2a-7f1b-43e9-810e-3beb93f1eddf,1024,1024,3,3072,3072,25892498.7,one_way,Bilinear,364.4756,0,100,0.999999994,10,False,-
30af2d4e-42c1-4de6-a5f5-0805554ee892,512,512,3,1536,1536,21714283.61,one_way,Bicubic,108.6518,0,100,0.999999991,10,False,-
30af2d4e-42c1-4de6-a5f5-0805554ee892,512,512,3,1536,1536,21177801.2,one_way,Bicubic,111.4042,0,100,0.999999979,10,False,-
30af2d4e-42c1-4de6-a5f5-0805554ee892,512,512,3,1536,1536,20426451.49,one_way,Bicubic,115.502,0,100,0.999999976,10,False,-
30af2d4e-42c1-4de6-a5f5-0805554ee892,500,480,3,1500,1440,19599872.24,one_way,Bicubic,110.2048,0,100,0.999999993,10,False,-
30af2d4e-42c1-4de6-a5f5-0805554ee892,288,288,3,864,864,20606465.47,one_way,Bicubic,36.2263,0,100,0.999999984,10,False,-
30af2d4e-42c1-4de6-a5f5-0805554ee892,256,256,3,768,768,17864305.86,one_way,Bicubic,33.0169,0,100,0.999999992,10,False,-
30af2d4e-42c1-4de6-a5f5-0805554ee892,256,256,3,768,768,19262641.21,one_way,Bicubic,30.6201,0,100,0.999999994,10,False,-
30af2d4e-42c1-4de6-a5f5-0805554ee892,128,128,3,384,384,16306634.08,one_way,Bicubic,9.0427,0,100,0.999999982,10,False,-
30af2d4e-42c1-4de6-a5f5-0805554ee892,1024,1024,3,3072,3072,20168301.7,one_way,Bicubic,467.9216,0,100,0.999999994,10,False,-
30af2d4e-42c1-4de6-a5f5-0805554ee892,1024,1024,3,3072,3072,25487400.23,one_way,Bicubic,370.2686,0,100,0.999999994,10,False,-
386ac4b4-4dc3-43e7-96e3-0c736222084b,512,512,3,1536,1536,19229921.56,one_way,Lanczos,122.6888,0,100,0.999999991,10,False,-
386ac4b4-4dc3-43e7-96e3-0c736222084b,512,512,3,1536,1536,19568696.67,one_way,Lanczos,120.5648,0,100,0.999999979,10,False,-
386ac4b4-4dc3-43e7-96e3-0c736222084b,512,512,3,1536,1536,19381385.03,one_way,Lanczos,121.73,0,100,0.999999976,10,False,-
386ac4b4-4dc3-43e7-96e3-0c736222084b,500,480,3,1500,1440,18702982.78,one_way,Lanczos,115.4896,0,100,0.999999993,10,False,-
386ac4b4-4dc3-43e7-96e3-0c736222084b,288,288,3,864,864,19659738.54,one_way,Lanczos,37.9708,0,100,0.999999984,10,False,-
386ac4b4-4dc3-43e7-96e3-0c736222084b,256,256,3,768,768,16927368.53,one_way,Lanczos,34.8444,0,100,0.999999992,10,False,-
386ac4b4-4dc3-43e7-96e3-0c736222084b,256,256,3,768,768,18066990.34,one_way,Lanczos,32.6465,0,100,0.999999994,10,False,-
386ac4b4-4dc3-43e7-96e3-0c736222084b,128,128,3,384,384,15046377.08,one_way,Lanczos,9.8001,0,100,0.999999982,10,False,-
386ac4b4-4dc3-43e7-96e3-0c736222084b,1024,1024,3,3072,3072,18592245.55,one_way,Lanczos,507.5871,0,100,0.999999994,10,False,-
386ac4b4-4dc3-43e7-96e3-0c736222084b,1024,1024,3,3072,3072,22994146.44,one_way,Lanczos,410.4168,0,100,0.999999994,10,False,-
df12113c-3705-4ce2-b6d9-7fe51db0a683,512,512,3,1536,1536,8289866.479,one_way,Super-Resolution,284.6,0.817351023,49.0067175,0.995443369,10,True,espcn
df12113c-3705-4ce2-b6d9-7fe51db0a683,512,512,3,1536,1536,8443885.805,one_way,Super-Resolution,279.4088,0.758336385,49.33218467,0.996502009,10,True,espcn
df12113c-3705-4ce2-b6d9-7fe51db0a683,512,512,3,1536,1536,8180694.734,one_way,Super-Resolution,288.398,0.813142141,49.02913892,0.995907853,10,True,espcn
df12113c-3705-4ce2-b6d9-7fe51db0a683,500,480,3,1500,1440,7764332.382,one_way,Super-Resolution,278.1952,1.639091667,45.98477119,0.998273967,10,True,espcn
df12113c-3705-4ce2-b6d9-7fe51db0a683,288,288,3,864,864,7566993.338,one_way,Super-Resolution,98.6516,0.572016461,50.55671834,0.997097161,10,True,espcn
df12113c-3705-4ce2-b6d9-7fe51db0a683,256,256,3,768,768,7518048.701,one_way,Super-Resolution,78.4544,1.467758179,46.46425852,0.997634216,10,True,espcn
df12113c-3705-4ce2-b6d9-7fe51db0a683,256,256,3,768,768,8176034.022,one_way,Super-Resolution,72.1406,1.764801025,45.66384613,0.998730518,10,True,espcn
df12113c-3705-4ce2-b6d9-7fe51db0a683,128,128,3,384,384,6226080.495,one_way,Super-Resolution,23.6836,0.798177083,49.10981106,0.997566674,10,True,espcn
df12113c-3705-4ce2-b6d9-7fe51db0a683,1024,1024,3,3072,3072,8715252.567,one_way,Super-Resolution,1082.8354,2.670838674,43.86432705,0.99871272,10,True,espcn
df12113c-3705-4ce2-b6d9-7fe51db0a683,1024,1024,3,3072,3072,9580262.344,one_way,Super-Resolution,985.0653,0.522797585,50.94746789,0.999022215,10,True,espcn
b758cb94-0dcf-4cf2-812c-5188aca781fc,512,512,3,1536,1536,5991188.801,one_way,Super-Resolution,393.7943,2.415720622,44.30033654,0.994289164,10,True,fsrcnn
b758cb94-0dcf-4cf2-812c-5188aca781fc,512,512,3,1536,1536,6067715.855,one_way,Super-Resolution,388.8277,1.326680501,46.90314015,0.99649951,10,True,fsrcnn
b758cb94-0dcf-4cf2-812c-5188aca781fc,512,512,3,1536,1536,6096891.983,one_way,Super-Resolution,386.967,1.401107788,46.66608814,0.996075469,10,True,fsrcnn
b758cb94-0dcf-4cf2-812c-5188aca781fc,500,480,3,1500,1440,5566155.302,one_way,Super-Resolution,388.0596,2.192233333,44.72193584,0.998254705,10,True,fsrcnn
b758cb94-0dcf-4cf2-812c-5188aca781fc,288,288,3,864,864,5146157.871,one_way,Super-Resolution,145.0589,1.039994856,47.9604917,0.994643954,10,True,fsrcnn
b758cb94-0dcf-4cf2-812c-5188aca781fc,256,256,3,768,768,5300011.771,one_way,Super-Resolution,111.2873,2.511072795,44.13221058,0.997250429,10,True,fsrcnn
b758cb94-0dcf-4cf2-812c-5188aca781fc,256,256,3,768,768,6048223.855,one_way,Super-Resolution,97.5202,3.017537435,43.33427694,0.998533298,10,True,fsrcnn
b758cb94-0dcf-4cf2-812c-5188aca781fc,128,128,3,384,384,4317335.395,one_way,Super-Resolution,34.1544,1.694274902,45.84096483,0.997279229,10,True,fsrcnn
b758cb94-0dcf-4cf2-812c-5188aca781fc,1024,1024,3,3072,3072,5932317.456,one_way,Super-Resolution,1590.809,3.022174199,43.32760867,0.998124488,10,True,fsrcnn
b758cb94-0dcf-4cf2-812c-5188aca781fc,1024,1024,3,3072,3072,6358242.128,one_way,Super-Resolution,1484.2442,1.224520683,47.25114236,0.998535309,10,True,fsrcnn
803f000c-2c69-459e-b4d3-5ae823943837,512,512,4,2048,2048,41870603.86,one_way,Nearest Neighbor,100.173,0,100,0.999999991,10,False,-
803f000c-2c69-459e-b4d3-5ae823943837,512,512,4,2048,2048,45448924.59,one_way,Nearest Neighbor,92.2861,0,100,0.999999979,10,False,-
803f000c-2c69-459e-b4d3-5ae823943837,512,512,4,2048,2048,40051679.54,one_way,Nearest Neighbor,104.7223,0,100,0.999999976,10,False,-
803f000c-2c69-459e-b4d3-5ae823943837,500,480,4,2000,1920,41598960.03,one_way,Nearest Neighbor,92.31,0,100,0.999999993,10,False,-
803f000c-2c69-459e-b4d3-5ae823943837,288,288,4,1152,1152,39645104.05,one_way,Nearest Neighbor,33.4746,0,100,0.999999984,10,False,-
803f000c-2c69-459e-b4d3-5ae823943837,256,256,4,1024,1024,33973089.17,one_way,Nearest Neighbor,30.8649,0,100,0.999999992,10,False,-
803f000c-2c69-459e-b4d3-5ae823943837,256,256,4,1024,1024,35474721.23,one_way,Nearest Neighbor,29.5584,0,100,0.999999994,10,False,-
803f000c-2c69-459e-b4d3-5ae823943837,128,128,4,512,512,31612942.13,one_way,Nearest Neighbor,8.2923,0,100,0.999999982,10,False,-
803f000c-2c69-459e-b4d3-5ae823943837,1024,1024,4,4096,4096,37121487.73,one_way,Nearest Neighbor,451.9543,0,100,0.999999994,10,False,-
803f000c-2c69-459e-b4d3-5ae823943837,1024,1024,4,4096,4096,45905587.35,one_way,Nearest Neighbor,365.4722,0,100,0.999999994,10,False,-
14643ca6-6d67-4fcd-ae3b-e1c283e6e530,512,512,4,2048,2048,23438255.79,one_way,Bilinear,178.9512,0.874969482,48.71087455,0.997888008,10,False,-
14643ca6-6d67-4fcd-ae3b-e1c283e6e530,512,512,4,2048,2048,22954012.12,one_way,Bilinear,182.7264,1.092042287,47.74840905,0.995482669,10,False,-
14643ca6-6d67-4fcd-ae3b-e1c283e6e530,512,512,4,2048,2048,21989352.14,one_way,Bilinear,190.7425,1.515897115,46.32410634,0.993666172,10,False,-
14643ca6-6d67-4fcd-ae3b-e1c283e6e530,500,480,4,2000,1920,21487590.36,one_way,Bilinear,178.7078,9.327133333,38.43332176,0.991857579,10,False,-
14643ca6-6d67-4fcd-ae3b-e1c283e6e530,288,288,4,1152,1152,23606389.41,one_way,Bilinear,56.218,0.481292599,51.30671177,0.999048735,10,False,-
14643ca6-6d67-4fcd-ae3b-e1c283e6e530,256,256,4,1024,1024,21148490.57,one_way,Bilinear,49.5816,3.34803772,42.88290019,0.997880033,10,False,-
14643ca6-6d67-4fcd-ae3b-e1c283e6e530,256,256,4,1024,1024,23002452.54,one_way,Bilinear,45.5854,7.141123454,39.5931382,0.996377146,10,False,-
14643ca6-6d67-4fcd-ae3b-e1c283e6e530,128,128,4,512,512,20736615.62,one_way,Bilinear,12.6416,1.067830404,47.84578079,0.998258332,10,False,-
14643ca6-6d67-4fcd-ae3b-e1c283e6e530,1024,1024,4,4096,4096,22661712.68,one_way,Bilinear,740.3331,10.61948903,37.8697674,0.99500686,10,False,-
14643ca6-6d67-4fcd-ae3b-e1c283e6e530,1024,1024,4,4096,4096,27082067.11,one_way,Bilinear,619.4954,1.695266088,45.83842486,0.998286038,10,False,-
e4aa8803-34e6-4feb-8a71-670a1e55f8f6,512,512,4,2048,2048,22381773.14,one_way,Bicubic,187.3982,0.04347229,61.74867842,0.999894413,10,False,-
e4aa8803-34e6-4feb-8a71-670a1e55f8f6,512,512,4,2048,2048,21891305.07,one_way,Bicubic,191.5968,0.034323374,62.77490383,0.999833414,10,False,-
e4aa8803-34e6-4feb-8a71-670a1e55f8f6,512,512,4,2048,2048,21010094.53,one_way,Bicubic,199.6328,0.069742839,59.69580742,0.999797044,10,False,-
e4aa8803-34e6-4feb-8a71-670a1e55f8f6,500,480,4,2000,1920,20414824.99,one_way,Bicubic,188.0986,0.187905556,55.3914074,0.999823471,10,False,-
e4aa8803-34e6-4feb-8a71-670a1e55f8f6,288,288,4,1152,1152,23096176.64,one_way,Bicubic,57.4599,0.016702032,65.90311052,0.999940727,10,False,-
e4aa8803-34e6-4feb-8a71-670a1e55f8f6,256,256,4,1024,1024,19450311.16,one_way,Bicubic,53.9105,0.073109945,59.49103906,0.9999189,10,False,-
e4aa8803-34e6-4feb-8a71-670a1e55f8f6,256,256,4,1024,1024,20953583.73,one_way,Bicubic,50.0428,0.175048828,55.69921153,0.999892216,10,False,-
e4aa8803-34e6-4feb-8a71-670a1e55f8f6,128,128,4,512,512,18838950.77,one_way,Bicubic,13.915,0.029052734,63.49893347,0.999937344,10,False,-
e4aa8803-34e6-4feb-8a71-670a1e55f8f6,1024,1024,4,4096,4096,21362085.68,one_way,Bicubic,785.3735,0.176421165,55.66529674,0.999895951,10,False,-
e4aa8803-34e6-4feb-8a71-670a1e55f8f6,1024,1024,4,4096,4096,26471938.88,one_way,Bicubic,633.7736,0.045091947,61.58981374,0.999942014,10,False,-
c6ee66f5-2a5d-430d-bdf0-69681a5d8212,512,512,4,2048,2048,20450462.66,one_way,Lanczos,205.0958,0.041754405,61.92378065,0.999899587,10,False,-
c6ee66f5-2a5d-430d-bdf0-69681a5d8212,512,512,4,2048,2048,19579505.28,one_way,Lanczos,214.2191,0.043263753,61.76956168,0.999792882,10,False,-
c6ee66f5-2a5d-430d-bdf0-69681a5d8212,512,512,4,2048,2048,19644081.05,one_way,Lanczos,213.5149,0.08047994,59.07392718,0.999718015,10,False,-
c6ee66f5-2a5d-430d-bdf0-69681a5d8212,500,480,4,2000,1920,18923182.23,one_way,Lanczos,202.9257,0.264886111,53.90021174,0.999756741,10,False,-
c6ee66f5-2a5d-430d-bdf0-69681a5d8212,288,288,4,1152,1152,20945983.48,one_way,Lanczos,63.3584,0.016581469,65.93457367,0.999951216,10,False,-
c6ee66f5-2a5d-430d-bdf0-69681a5d8212,256,256,4,1024,1024,18105242.8,one_way,Lanczos,57.9156,0.088297526,58.67131825,0.999918967,10,False,-
c6ee66f5-2a5d-430d-bdf0-69681a5d8212,256,256,4,1024,1024,19695377.7,one_way,Lanczos,53.2397,0.215942383,54.78742472,0.9998663,10,False,-
c6ee66f5-2a5d-430d-bdf0-69681a5d8212,128,128,4,512,512,18042686.75,one_way,Lanczos,14.5291,0.033081055,62.93501014,0.999937691,10,False,-
c6ee66f5-2a5d-430d-bdf0-69681a5d8212,1024,1024,4,4096,4096,20141491.65,one_way,Lanczos,832.9679,0.252215385,54.11308785,0.999859891,10,False,-
c6ee66f5-2a5d-430d-bdf0-69681a5d8212,1024,1024,4,4096,4096,23743223.81,one_way,Lanczos,706.6107,0.051755587,60.9912312,0.999938297,10,False,-
4826a518-9564-4472-8535-0098c1c00ae3,512,512,4,2048,2048,11055432.62,one_way,Super-Resolution,379.3885,1.026943207,48.01533934,0.99361538,10,True,espcn
4826a518-9564-4472-8535-0098c1c00ae3,512,512,4,2048,2048,10797689.04,one_way,Super-Resolution,388.4446,1.156178792,47.50055362,0.993984509,10,True,espcn
4826a518-9564-4472-8535-0098c1c00ae3,512,512,4,2048,2048,10262059.92,one_way,Super-Resolution,408.7195,1.531421661,46.27985575,0.992149764,10,True,espcn
4826a518-9564-4472-8535-0098c1c00ae3,500,480,4,2000,1920,9878179.41,one_way,Super-Resolution,388.7356,4.782905556,41.33388556,0.993857887,10,True,espcn
4826a518-9564-4472-8535-0098c1c00ae3,288,288,4,1152,1152,4289329.618,one_way,Super-Resolution,309.3966,0.695513439,49.70774835,0.997064042,10,True,espcn
4826a518-9564-4472-8535-0098c1c00ae3,256,256,4,1024,1024,10041782.66,one_way,Super-Resolution,104.4213,1.230178833,47.23112111,0.997265934,10,True,espcn
4826a518-9564-4472-8535-0098c1c00ae3,256,256,4,1024,1024,10688902.59,one_way,Super-Resolution,98.0995,1.586135864,46.12739976,0.998626305,10,True,espcn
4826a518-9564-4472-8535-0098c1c00ae3,128,128,4,512,512,8749274.076,one_way,Super-Resolution,29.9618,0.904418945,48.5671071,0.997186803,10,True,espcn
4826a518-9564-4472-8535-0098c1c00ae3,1024,1024,4,4096,4096,11422570.71,one_way,Super-Resolution,1468.7776,2.087425232,44.93469432,0.998590851,10,True,espcn
4826a518-9564-4472-8535-0098c1c00ae3,1024,1024,4,4096,4096,12785904.21,one_way,Super-Resolution,1312.165,0.641855558,50.05643055,0.998915186,10,True,espcn
300265bc-0d1b-45a7-8933-2aeb1519e9af,512,512,4,2048,2048,8373900.082,one_way,Super-Resolution,500.8782,1.199862162,47.33949003,0.993682099,10,True,fsrcnn
300265bc-0d1b-45a7-8933-2aeb1519e9af,512,512,4,2048,2048,8441030.174,one_way,Super-Resolution,496.8948,1.399559021,46.67089143,0.993820941,10,True,fsrcnn
300265bc-0d1b-45a7-8933-2aeb1519e9af,512,512,4,2048,2048,8378359.591,one_way,Super-Resolution,500.6116,1.620646159,46.03392157,0.992225477,10,True,fsrcnn
300265bc-0d1b-45a7-8933-2aeb1519e9af,500,480,4,2000,1920,7649637.061,one_way,Super-Resolution,501.9846,5.544661111,40.69205354,0.993199107,10,True,fsrcnn
300265bc-0d1b-45a7-8933-2aeb1519e9af,288,288,4,1152,1152,7310772.16,one_way,Super-Resolution,181.5272,1.094573849,47.73835293,0.994292589,10,True,fsrcnn
300265bc-0d1b-45a7-8933-2aeb1519e9af,256,256,4,1024,1024,7519627.782,one_way,Super-Resolution,139.4452,2.686091105,43.83959622,0.996769902,10,True,fsrcnn
300265bc-0d1b-45a7-8933-2aeb1519e9af,256,256,4,1024,1024,8424841.559,one_way,Super-Resolution,124.4624,2.447540283,44.24350512,0.998018098,10,True,fsrcnn
300265bc-0d1b-45a7-8933-2aeb1519e9af,128,128,4,512,512,6653316.582,one_way,Super-Resolution,39.4005,1.340901693,46.85683422,0.996840353,10,True,fsrcnn
300265bc-0d1b-45a7-8933-2aeb1519e9af,1024,1024,4,4096,4096,8572540.865,one_way,Super-Resolution,1957.0879,2.790864627,43.6734159,0.99839366,10,True,fsrcnn
300265bc-0d1b-45a7-8933-2aeb1519e9af,1024,1024,4,4096,4096,9166011.336,one_way,Super-Resolution,1830.3726,0.986733437,48.18880516,0.998020668,10,True,fsrcnn
fb91f9f6-20cd-4f52-9293-82dffbd75707,512,512,0.75,384,384,16965345.85,one_way,Nearest Neighbor,8.6916,110.1051699,27.71272649,0.896962867,10,False,-
fb91f9f6-20cd-4f52-9293-82dffbd75707,512,512,0.75,384,384,16852499.49,one_way,Nearest Neighbor,8.7498,81.87625631,28.99922384,0.80314182,10,False,-
fb91f9f6-20cd-4f52-9293-82dffbd75707,512,512,0.75,384,384,15663812.7,one_way,Nearest Neighbor,9.4138,90.40200551,28.56902296,0.785422178,10,False,-
fb91f9f6-20cd-4f52-9293-82dffbd75707,500,480,0.75,375,360,15010340.46,one_way,Nearest Neighbor,8.9938,559.7326889,20.6509969,0.605780957,10,False,-
fb91f9f6-20cd-4f52-9293-82dffbd75707,288,288,0.75,216,216,8586730.468,one_way,Nearest Neighbor,5.4335,67.25051038,29.85384776,0.926044057,10,False,-
fb91f9f6-20cd-4f52-9293-82dffbd75707,256,256,0.75,192,192,8116248.349,one_way,Nearest Neighbor,4.542,311.3863678,23.19780765,0.876105911,10,False,-
fb91f9f6-20cd-4f52-9293-82dffbd75707,256,256,0.75,192,192,8206406.803,one_way,Nearest Neighbor,4.4921,557.7792918,20.66617974,0.767344312,10,False,-
fb91f9f6-20cd-4f52-9293-82dffbd75707,128,128,0.75,96,96,4815550.214,one_way,Nearest Neighbor,1.9138,102.4457601,28.02586372,0.893396324,10,False,-
fb91f9f6-20cd-4f52-9293-82dffbd75707,1024,1024,0.75,768,768,10838149.17,one_way,Nearest Neighbor,54.4211,535.2911736,20.84490278,0.741771407,10,False,-
fb91f9f6-20cd-4f52-9293-82dffbd75707,1024,1024,0.75,768,768,12630983.84,one_way,Nearest Neighbor,46.6966,227.4081017,24.56274428,0.847028352,10,False,-
5ce0a5f2-13e7-42c9-b76a-bb78fdbb3779,512,512,0.75,384,384,16503374.41,one_way,Bilinear,8.9349,16.52790578,35.94862532,0.969354782,10,False,-
5ce0a5f2-13e7-42c9-b76a-bb78fdbb3779,512,512,0.75,384,384,15756876.32,one_way,Bilinear,9.3582,17.67828496,35.65640231,0.917484702,10,False,-
5ce0a5f2-13e7-42c9-b76a-bb78fdbb3779,512,512,0.75,384,384,16198437.89,one_way,Bilinear,9.1031,27.45949554,33.74387806,0.892396296,10,False,-
5ce0a5f2-13e7-42c9-b76a-bb78fdbb3779,500,480,0.75,375,360,15469233.41,one_way,Bilinear,8.727,187.2278708,25.40709862,0.814388304,10,False,-
5ce0a5f2-13e7-42c9-b76a-bb78fdbb3779,288,288,0.75,216,216,8599550.264,one_way,Bilinear,5.4254,5.820493345,40.48120564,0.988732612,10,False,-
5ce0a5f2-13e7-42c9-b76a-bb78fdbb3779,256,256,0.75,192,192,7929617.759,one_way,Bilinear,4.6489,49.4521993,31.1889475,0.967448654,10,False,-
5ce0a5f2-13e7-42c9-b76a-bb78fdbb3779,256,256,0.75,192,192,8107323.51,one_way,Bilinear,4.547,149.3122253,26.38984993,0.915293207,10,False,-
5ce0a5f2-13e7-42c9-b76a-bb78fdbb3779,128,128,0.75,96,96,4827658.46,one_way,Bilinear,1.909,16.51906331,35.95094943,0.972100765,10,False,-
5ce0a5f2-13e7-42c9-b76a-bb78fdbb3779,1024,1024,0.75,768,768,10634587.51,one_way,Bilinear,55.4628,218.0368706,24.74550421,0.876033503,10,False,-
5ce0a5f2-13e7-42c9-b76a-bb78fdbb3779,1024,1024,0.75,768,768,12626819.66,one_way,Bilinear,46.712,22.07125568,34.69253319,0.976377801,10,False,-
5ce32775-083b-48d0-a174-09f06218a039,512,512,0.75,384,384,16047187.37,one_way,Bicubic,9.1889,12.40656535,37.19428793,0.974967837,10,False,-
5ce32775-083b-48d0-a174-09f06218a039,512,512,0.75,384,384,15722267.24,one_way,Bicubic,9.3788,14.6133283,36.4833122,0.929488392,10,False,-
5ce32775-083b-48d0-a174-09f06218a039,512,512,0.75,384,384,15692818.53,one_way,Bicubic,9.3964,24.03715388,34.32197317,0.901944198,10,False,-
5ce32775-083b-48d0-a174-09f06218a039,500,480,0.75,375,360,14908725.47,one_way,Bicubic,9.0551,160.4080069,26.07854318,0.850020235,10,False,-
5ce32775-083b-48d0-a174-09f06218a039,288,288,0.75,216,216,8486457.973,one_way,Bicubic,5.4977,3.673639243,42.47983855,0.992081428,10,False,-
5ce32775-083b-48d0-a174-09f06218a039,256,256,0.75,192,192,7737060.824,one_way,Bicubic,4.7646,31.66567485,33.12491613,0.976507216,10,False,-
5ce32775-083b-48d0-a174-09f06218a039,256,256,0.75,192,192,7922290.037,one_way,Bicubic,4.6532,121.3637441,27.28991395,0.933776134,10,False,-
5ce32775-083b-48d0-a174-09f06218a039,128,128,0.75,96,96,4786537.862,one_way,Bicubic,1.9254,11.98529053,37.34431795,0.979200284,10,False,-
5ce32775-083b-48d0-a174-09f06218a039,1024,1024,0.75,768,768,10782573.09,one_way,Bicubic,54.7016,180.9097322,25.5561843,0.901763368,10,False,-
5ce32775-083b-48d0-a174-09f06218a039,1024,1024,0.75,768,768,12596913.05,one_way,Bicubic,46.8229,13.79707273,36.73293407,0.984676506,10,False,-
31d63940-60c9-4fa7-a959-fe9e989d2830,512,512,0.75,384,384,13462244.26,one_way,Lanczos,10.9533,11.58276622,37.4926807,0.975871065,10,False,-
31d63940-60c9-4fa7-a959-fe9e989d2830,512,512,0.75,384,384,13081270.02,one_way,Lanczos,11.2723,13.84804408,36.71691924,0.932577557,10,False,-
31d63940-60c9-4fa7-a959-fe9e989d2830,512,512,0.75,384,384,12519081.38,one_way,Lanczos,11.7785,23.03517787,34.50688791,0.904957789,10,False,-
31d63940-60c9-4fa7-a959-fe9e989d2830,500,480,0.75,375,360,12100677.64,one_way,Lanczos,11.1564,152.0249722,26.31165428,0.857893704,10,False,-
31d63940-60c9-4fa7-a959-fe9e989d2830,288,288,0.75,216,216,6984744.824,one_way,Lanczos,6.6797,3.384383841,42.83600748,0.992562439,10,False,-
31d63940-60c9-4fa7-a959-fe9e989d2830,256,256,0.75,192,192,6559897.502,one_way,Lanczos,5.6196,28.71124776,33.55028294,0.978433127,10,False,-
31d63940-60c9-4fa7-a959-fe9e989d2830,256,256,0.75,192,192,6555114.96,one_way,Lanczos,5.6237,114.9291941,27.52649999,0.937024041,10,False,-
31d63940-60c9-4fa7-a959-fe9e989d2830,128,128,0.75,96,96,4234515.714,one_way,Lanczos,2.1764,11.02671305,37.70634288,0.980545749,10,False,-
31d63940-60c9-4fa7-a959-fe9e989d2830,1024,1024,0.75,768,768,10006905.13,one_way,Lanczos,58.9417,169.5030209,25.83902918,0.907699919,10,False,-
31d63940-60c9-4fa7-a959-fe9e989d2830,1024,1024,0.75,768,768,11648313.45,one_way,Lanczos,50.636,12.51887798,37.15514954,0.985924856,10,False,-
c27b9f72-6cd2-46a7-9af2-fda0b3b96b68,512,512,0.5,256,256,13555619.91,one_way,Nearest Neighbor,4.8346,124.5506808,27.17734255,0.885091561,10,False,-
c27b9f72-6cd2-46a7-9af2-fda0b3b96b68,512,512,0.5,256,256,13688695.8,one_way,Nearest Neighbor,4.7876,83.02125676,28.93891057,0.783595731,10,False,-
c27b9f72-6cd2-46a7-9af2-fda0b3b96b68,512,512,0.5,256,256,13100911.56,one_way,Nearest Neighbor,5.0024,119.7785556,27.34701289,0.761084954,10,False,-
c27b9f72-6cd2-46a7-9af2-fda0b3b96b68,500,480,0.5,250,240,12928526.79,one_way,Nearest Neighbor,4.6409,631.7542139,20.12532213,0.540365699,10,False,-
c27b9f72-6cd2-46a7-9af2-fda0b3b96b68,288,288,0.5,144,144,4997108.155,one_way,Nearest Neighbor,4.1496,66.05354215,29.93184249,0.924072099,10,False,-
c27b9f72-6cd2-46a7-9af2-fda0b3b96b68,256,256,0.5,128,128,4703315.631,one_way,Nearest Neighbor,3.4835,310.2007345,23.21437539,0.856674777,10,False,-
c27b9f72-6cd2-46a7-9af2-fda0b3b96b68,256,256,0.5,128,128,4680875.379,one_way,Nearest Neighbor,3.5002,623.2940826,20.18387357,0.725913241,10,False,-
c27b9f72-6cd2-46a7-9af2-fda0b3b96b68,128,128,0.5,64,64,2455488.28,one_way,Nearest Neighbor,1.6681,113.7441813,27.57151172,0.877120311,10,False,-
c27b9f72-6cd2-46a7-9af2-fda0b3b96b68,1024,1024,0.5,512,512,7205044.059,one_way,Nearest Neighbor,36.3834,667.5684827,19.88584536,0.679834358,10,False,-
c27b9f72-6cd2-46a7-9af2-fda0b3b96b68,1024,1024,0.5,512,512,8074018.406,one_way,Nearest Neighbor,32.4676,207.5271355,24.96005469,0.849398196,10,False,-
4063dbef-d372-4235-8e5a-587f5e15a3b4,512,512,0.5,256,256,3664094.823,one_way,Bilinear,17.886,49.34024048,31.19879099,0.932426736,10,False,-
4063dbef-d372-4235-8e5a-587f5e15a3b4,512,512,0.5,256,256,13686980.49,one_way,Bilinear,4.7882,34.75275421,32.72091132,0.858213007,10,False,-
4063dbef-d372-4235-8e5a-587f5e15a3b4,512,512,0.5,256,256,12883035.19,one_way,Bilinear,5.087,55.69688288,30.67249471,0.836536967,10,False,-
4063dbef-d372-4235-8e5a-587f5e15a3b4,500,480,0.5,250,240,13246495.2,one_way,Bilinear,4.5295,350.6927264,22.68153602,0.65525196,10,False,-
4063dbef-d372-4235-8e5a-587f5e15a3b4,288,288,0.5,144,144,4948926.014,one_way,Bilinear,4.19,17.89400881,35.60372714,0.967973465,10,False,-
4063dbef-d372-4235-8e5a-587f5e15a3b4,256,256,0.5,128,128,4840320.246,one_way,Bilinear,3.3849,140.1620433,26.66449941,0.909339261,10,False,-
4063dbef-d372-4235-8e5a-587f5e15a3b4,256,256,0.5,128,128,4795831.748,one_way,Bilinear,3.4163,311.9197489,23.19037488,0.812733558,10,False,-
4063dbef-d372-4235-8e5a-587f5e15a3b4,128,128,0.5,64,64,2571572.074,one_way,Bilinear,1.5928,44.32863363,31.66396016,0.929332111,10,False,-
4063dbef-d372-4235-8e5a-587f5e15a3b4,1024,1024,0.5,512,512,7517902.568,one_way,Bilinear,34.8693,414.2628911,21.95804329,0.749618625,10,False,-
4063dbef-d372-4235-8e5a-587f5e15a3b4,1024,1024,0.5,512,512,8283140.43,one_way,Bilinear,31.6479,58.32580471,30.47219621,0.937013344,10,False,-
da8dbecc-a1b9-4f75-8033-9e988d068559,512,512,0.5,256,256,13848657.1,one_way,Bicubic,4.7323,47.64909236,31.35025728,0.935140153,10,False,-
da8dbecc-a1b9-4f75-8033-9e988d068559,512,512,0.5,256,256,12577438.3,one_way,Bicubic,5.2106,34.45903651,32.75777231,0.85984262,10,False,-
da8dbecc-a1b9-4f75-8033-9e988d068559,512,512,0.5,256,256,11413047.26,one_way,Bicubic,5.7422,56.37196986,30.6201715,0.835751982,10,False,-
da8dbecc-a1b9-4f75-8033-9e988d068559,500,480,0.5,250,240,12306430.11,one_way,Bicubic,4.8755,364.4904083,22.51394257,0.674250782,10,False,-
da8dbecc-a1b9-4f75-8033-9e988d068559,288,288,0.5,144,144,4897265.127,one_way,Bicubic,4.2342,15.60919817,36.19699766,0.971374807,10,False,-
da8dbecc-a1b9-4f75-8033-9e988d068559,256,256,0.5,128,128,4475769,one_way,Bicubic,3.6606,130.2033946,26.98458054,0.91355202,10,False,-
da8dbecc-a1b9-4f75-8033-9e988d068559,256,256,0.5,128,128,4432300.825,one_way,Bicubic,3.6965,313.9517059,23.16217514,0.824197258,10,False,-
da8dbecc-a1b9-4f75-8033-9e988d068559,128,128,0.5,64,64,2427546.969,one_way,Bicubic,1.6873,43.04425049,31.79165211,0.933615271,10,False,-
da8dbecc-a1b9-4f75-8033-9e988d068559,1024,1024,0.5,512,512,7080055.205,one_way,Bicubic,37.0257,437.2056293,21.72394616,0.758398029,10,False,-
da8dbecc-a1b9-4f75-8033-9e988d068559,1024,1024,0.5,512,512,7932075.791,one_way,Bicubic,33.0486,52.91853142,30.89472578,0.944484731,10,False,-
d39f4dfa-5669-41c2-af32-a0f9d2bb8a1d,512,512,0.5,256,256,9332421.964,one_way,Lanczos,7.0224,51.71556981,30.99459047,0.928968299,10,False,-
d39f4dfa-5669-41c2-af32-a0f9d2bb8a1d,512,512,0.5,256,256,8657560.305,one_way,Lanczos,7.5698,38.75622559,32.24738886,0.845583812,10,False,-
d39f4dfa-5669-41c2-af32-a0f9d2bb8a1d,512,512,0.5,256,256,9058439.763,one_way,Lanczos,7.2348,62.43022156,30.17685485,0.820527983,10,False,-
d39f4dfa-5669-41c2-af32-a0f9d2bb8a1d,500,480,0.5,250,240,8765522.279,one_way,Lanczos,6.845,412.65885,21.97489197,0.646094912,10,False,-
d39f4dfa-5669-41c2-af32-a0f9d2bb8a1d,288,288,0.5,144,144,4178033.89,one_way,Lanczos,4.9631,16.93096949,35.84398534,0.968978361,10,False,-
d39f4dfa-5669-41c2-af32-a0f9d2bb8a1d,256,256,0.5,128,128,4084766.891,one_way,Lanczos,4.011,143.139033,26.57322282,0.906968419,10,False,-
d39f4dfa-5669-41c2-af32-a0f9d2bb8a1d,256,256,0.5,128,128,4015883.132,one_way,Lanczos,4.0798,354.6065877,22.63333561,0.806444605,10,False,-
d39f4dfa-5669-41c2-af32-a0f9d2bb8a1d,128,128,0.5,64,64,2212140.851,one_way,Lanczos,1.8516,47.67313639,31.34806636,0.927334315,10,False,-
d39f4dfa-5669-41c2-af32-a0f9d2bb8a1d,1024,1024,0.5,512,512,6698625.236,one_way,Lanczos,39.134,499.6833267,21.14385503,0.737746992,10,False,-
d39f4dfa-5669-41c2-af32-a0f9d2bb8a1d,1024,1024,0.5,512,512,7502948.012,one_way,Lanczos,34.9388,57.9532582,30.50002503,0.939159158,10,False,-
01e78e9c-9091-47ac-b63f-c8e250ef1fb6,512,512,0.25,128,128,7868222.638,one_way,Nearest Neighbor,2.0823,410.0523059,22.00241102,0.726402045,10,False,-
01e78e9c-9091-47ac-b63f-c8e250ef1fb6,512,512,0.25,128,128,7831365.613,one_way,Nearest Neighbor,2.0921,270.6235441,23.80714784,0.63709226,10,False,-
01e78e9c-9091-47ac-b63f-c8e250ef1fb6,512,512,0.25,128,128,6718884.56,one_way,Nearest Neighbor,2.4385,392.6171176,22.19111131,0.633463596,10,False,-
01e78e9c-9091-47ac-b63f-c8e250ef1fb6,500,480,0.25,125,120,7322431.047,one_way,Nearest Neighbor,2.0485,1180.726826,17.4093093,0.281246511,10,False,-
01e78e9c-9091-47ac-b63f-c8e250ef1fb6,288,288,0.25,72,72,1614048.197,one_way,Nearest Neighbor,3.2118,359.5736481,22.57292505,0.701422655,10,False,-
01e78e9c-9091-47ac-b63f-c8e250ef1fb6,256,256,0.25,64,64,1427277.162,one_way,Nearest Neighbor,2.8698,1253.065994,17.15106417,0.590536885,10,False,-
01e78e9c-9091-47ac-b63f-c8e250ef1fb6,256,256,0.25,64,64,1405194.003,one_way,Nearest Neighbor,2.9149,1606.151576,16.07293833,0.43669066,10,False,-
01e78e9c-9091-47ac-b63f-c8e250ef1fb6,128,128,0.25,32,32,648717.1365,one_way,Nearest Neighbor,1.5785,494.3031209,21.19087008,0.632929001,10,False,-
01e78e9c-9091-47ac-b63f-c8e250ef1fb6,1024,1024,0.25,256,256,2517110.792,one_way,Nearest Neighbor,26.0362,1197.187894,17.34918044,0.486475619,10,False,-
01e78e9c-9091-47ac-b63f-c8e250ef1fb6,1024,1024,0.25,256,256,2801234.431,one_way,Nearest Neighbor,23.3954,853.7027499,18.81773681,0.575025019,10,False,-
a34cb751-8b18-464d-9004-599118b17401,512,512,0.25,128,128,7621883.141,one_way,Bilinear,2.1496,181.6996803,25.53726198,0.821330417,10,False,-
a34cb751-8b18-464d-9004-599118b17401,512,512,0.25,128,128,6775847.808,one_way,Bilinear,2.418,101.5083148,28.06578743,0.74824734,10,False,-
a34cb751-8b18-464d-9004-599118b17401,512,512,0.25,128,128,7368563.076,one_way,Bilinear,2.2235,143.9624214,26.54831218,0.744716709,10,False,-
a34cb751-8b18-464d-9004-599118b17401,500,480,0.25,125,120,6951846.874,one_way,Bilinear,2.1577,716.8394708,19.5765845,0.401883933,10,False,-
a34cb751-8b18-464d-9004-599118b17401,288,288,0.25,72,72,1508028.857,one_way,Bilinear,3.4376,99.62629806,28.14706368,0.856153943,10,False,-
a34cb751-8b18-464d-9004-599118b17401,256,256,0.25,64,64,1523866.215,one_way,Bilinear,2.6879,556.748113,20.67421607,0.706382901,10,False,-
a34cb751-8b18-464d-9004-599118b17401,256,256,0.25,64,64,1462387.09,one_way,Bilinear,2.8009,854.1749827,18.81533513,0.568659582,10,False,-
a34cb751-8b18-464d-9004-599118b17401,128,128,0.25,32,32,679135.1638,one_way,Bilinear,1.5078,167.3452759,25.89466904,0.778449473,10,False,-
a34cb751-8b18-464d-9004-599118b17401,1024,1024,0.25,256,256,2547907.393,one_way,Bilinear,25.7215,746.7914991,19.39880995,0.570389277,10,False,-
a34cb751-8b18-464d-9004-599118b17401,1024,1024,0.25,256,256,2788813.427,one_way,Bilinear,23.4996,212.0087862,24.86726501,0.803962687,10,False,-
ddf37c85-ab39-4be8-8b39-6bef001ed395,512,512,0.25,128,128,7750969.817,one_way,Bicubic,2.1138,215.2779401,24.80080832,0.811176121,10,False,-
ddf37c85-ab39-4be8-8b39-6bef001ed395,512,512,0.25,128,128,6591037.091,one_way,Bicubic,2.4858,118.2398478,27.40316499,0.735220203,10,False,-
ddf37c85-ab39-4be8-8b39-6bef001ed395,512,512,0.25,128,128,5997510.799,one_way,Bicubic,2.7318,169.5917689,25.83675591,0.731782231,10,False,-
ddf37c85-ab39-4be8-8b39-6bef001ed395,500,480,0.25,125,120,6220194.899,one_way,Bicubic,2.4115,857.0401069,18.80079215,0.386289263,10,False,-
ddf37c85-ab39-4be8-8b39-6bef001ed395,288,288,0.25,72,72,1629266.453,one_way,Bicubic,3.1818,112.2148679,27.63029958,0.84793922,10,False,-
ddf37c85-ab39-4be8-8b39-6bef001ed395,256,256,0.25,64,64,1510491.574,one_way,Bicubic,2.7117,650.7664693,19.99655193,0.689560686,10,False,-
ddf37c85-ab39-4be8-8b39-6bef001ed395,256,256,0.25,64,64,1447912.616,one_way,Bicubic,2.8289,997.0442912,18.1436591,0.553377223,10,False,-
ddf37c85-ab39-4be8-8b39-6bef001ed395,128,128,0.25,32,32,692266.0898,one_way,Bicubic,1.4792,195.0065511,25.23031159,0.768262053,10,False,-
ddf37c85-ab39-4be8-8b39-6bef001ed395,1024,1024,0.25,256,256,2587624.918,one_way,Bicubic,25.3267,907.1091185,18.55420828,0.555731844,10,False,-
ddf37c85-ab39-4be8-8b39-6bef001ed395,1024,1024,0.25,256,256,2756856.806,one_way,Bicubic,23.772,248.4565315,24.17829943,0.794014307,10,False,-
4674f8cd-c8f1-4a5a-8150-da71538e00f2,512,512,0.25,128,128,5502418.055,one_way,Lanczos,2.9776,220.8080533,24.69065452,0.808204541,10,False,-
4674f8cd-c8f1-4a5a-8150-da71538e00f2,512,512,0.25,128,128,4631519.435,one_way,Lanczos,3.5375,121.4281947,27.28760823,0.727820987,10,False,-
4674f8cd-c8f1-4a5a-8150-da71538e00f2,512,512,0.25,128,128,5116162.878,one_way,Lanczos,3.2024,176.9452057,25.65241561,0.723475455,10,False,-
4674f8cd-c8f1-4a5a-8150-da71538e00f2,500,480,0.25,125,120,4488196.044,one_way,Lanczos,3.3421,899.2796986,18.59185572,0.373913274,10,False,-
4674f8cd-c8f1-4a5a-8150-da71538e00f2,288,288,0.25,72,72,1416045.235,one_way,Lanczos,3.6609,112.6979126,27.61164489,0.847032075,10,False,-
4674f8cd-c8f1-4a5a-8150-da71538e00f2,256,256,0.25,64,64,1354900.599,one_way,Lanczos,3.0231,659.5549062,19.93829406,0.687743379,10,False,-
4674f8cd-c8f1-4a5a-8150-da71538e00f2,256,256,0.25,64,64,1356381.217,one_way,Lanczos,3.0198,1028.423528,18.00908357,0.545376862,10,False,-
4674f8cd-c8f1-4a5a-8150-da71538e00f2,128,128,0.25,32,32,634173.5307,one_way,Lanczos,1.6147,197.8992513,25.1663621,0.766773637,10,False,-
4674f8cd-c8f1-4a5a-8150-da71538e00f2,1024,1024,0.25,256,256,2245244.751,one_way,Lanczos,29.1888,967.682058,18.27347672,0.546293188,10,False,-
4674f8cd-c8f1-4a5a-8150-da71538e00f2,1024,1024,0.25,256,256,2438966.297,one_way,Lanczos,26.8704,252.8662828,24.10189437,0.791229796,10,False,-
